{"cameraMode":{"drawMode":0,"name":"Shaded","section":"Shading Mode"},"sceneLighting":true,"audioPlay":false,"sceneViewState":{"m_AlwaysRefresh":false,"showFog":true,"showSkybox":true,"showFlares":true,"showImageEffects":true,"showParticleSystems":true,"showVisualEffectGraphs":true,"m_FxEnabled":true},"in2DMode":false,"pivot":{"x":895.0867919921875,"y":492.6395263671875,"z":1.3741120100021363},"rotation":{"x":-0.0003096062282565981,"y":0.0005971835344098508,"z":-2.103597722680206e-7,"w":-1.0000005960464478},"size":594.347900390625,"orthographic":false}