{"cameraMode":{"drawMode":0,"name":"Shaded","section":"Shading Mode"},"sceneLighting":true,"audioPlay":false,"sceneViewState":{"m_AlwaysRefresh":false,"showFog":true,"showSkybox":true,"showFlares":true,"showImageEffects":true,"showParticleSystems":true,"showVisualEffectGraphs":true,"m_FxEnabled":true},"in2DMode":false,"pivot":{"x":951.2113647460938,"y":503.7986145019531,"z":967.8462524414063},"rotation":{"x":-0.0003096062282565981,"y":0.0005971835344098508,"z":-2.103597722680206e-7,"w":-1.0000005960464478},"size":908.4259033203125,"orthographic":false}